{
  "X4_mean": {
    "RMSE": 1.0647393465042114,
    "MAE": 0.8902055621147156,
    "R2": -36.39084269009923
  },
  "X11_mean": {
    "RMSE": 22592.4609375,
    "MAE": 362.3319091796875,
    "R2": -0.0002554485899619596
  },
  "X18_mean": {
    "RMSE": 1522.66845703125,
    "MAE": 492.9097900390625,
    "R2": -0.1297282031311524
  },
  "X26_mean": {
    "RMSE": 141286.40625,
    "MAE": 2309.167236328125,
    "R2": -0.0001519187081004958
  },
  "X50_mean": {
    "RMSE": 1695.6458740234375,
    "MAE": 21.94995880126953,
    "R2": -0.0001728741367332809
  },
  "X3112_mean": {
    "RMSE": 15346.1171875,
    "MAE": 2728.7509765625,
    "R2": 0.011966929704503526
  },
  "overall_RMSE": 58755.08984375,
  "mean_per_target_RMSE": 30407.396484375,
  "overall_mean_R2": -6.08486403416011
}