{
  "per_trait": {
    "X4_mean": {
      "r2_score": -35.07692344067969,
      "r2_score_capped": 0.0,
      "mae": 0.8804012067865754,
      "mse": 1.1039196229824355,
      "rmse": 1.050675793469344,
      "explained_variance": -11.416831609165824,
      "valid_samples": 11098
    },
    "X11_mean": {
      "r2_score": -0.00010122057811945417,
      "r2_score_capped": 0.0,
      "mae": 149.0793719959491,
      "mse": 203933681.35442597,
      "rmse": 14280.535051405672,
      "explained_variance": -3.634561650533996e-06,
      "valid_samples": 11098
    },
    "X18_mean": {
      "r2_score": -0.00017690262699643355,
      "r2_score_capped": 0.0,
      "mae": 49576.719269545385,
      "mse": 13337691676498.477,
      "rmse": 3652080.4586561993,
      "explained_variance": 4.2322117776993906e-07,
      "valid_samples": 11098
    },
    "X50_mean": {
      "r2_score": -2.521458446036462e-05,
      "r2_score_capped": 0.0,
      "mae": 18.00592316696886,
      "mse": 2299781.461262384,
      "rmse": 1516.5030370106035,
      "explained_variance": 5.905939124939419e-05,
      "valid_samples": 11098
    },
    "X26_mean": {
      "r2_score": -0.00017948231716657936,
      "r2_score_capped": 0.0,
      "mae": 5561.259925541569,
      "mse": 110088934368.28181,
      "rmse": 331796.5255518536,
      "explained_variance": -2.606510005653817e-05,
      "valid_samples": 11098
    },
    "X3112_mean": {
      "r2_score": -9.033382102119347e-05,
      "r2_score_capped": 0.0,
      "mae": 1947429.1338401248,
      "mse": 4.188099004552057e+16,
      "rmse": 204648454.7841018,
      "explained_variance": -1.9807429696427903e-08,
      "valid_samples": 11098
    }
  },
  "overall": {
    "mean_r2_capped": 0.0,
    "mean_r2_raw": -5.8462494324345755,
    "mean_mae": 333789.1797885969,
    "mean_mse": 6982406338727483.0,
    "mean_rmse": 34774688.30951235,
    "traits_evaluated": 6
  }
}