{
    "f1_score": 0.8635806427368927,
    "accuracy": 0.6691666666666667,
    "log_loss": 0.08611003567498633,
    "roc_auc_score": 0.9503065400396691
}