{
  "primary_metric": {
    "name": "Mean F1-Score",
    "value": 0.7532227756762961
  },
  "overall_metrics": {
    "mean_f1_score": 0.7532227756762961,
    "micro_f1_score": 0.8335451080050826,
    "weighted_f1_score": 0.8187537448272528,
    "exact_match_accuracy": 0.6678333333333333,
    "hamming_loss": 0.026685185185185187,
    "jaccard_score": 0.6294173116861681,
    "micro_precision": 0.9010989010989011,
    "micro_recall": 0.7754137115839244,
    "macro_precision": 0.8995546483535795,
    "macro_recall": 0.6642573152696135
  },
  "label_wise_metrics": {
    "1": {
      "f1_score": 0.9371693121693122,
      "precision": 0.9340804218852999,
      "recall": 0.940278699402787,
      "support": 4521
    },
    "10": {
      "f1_score": 0.5866666666666667,
      "precision": 0.8516129032258064,
      "recall": 0.44745762711864406,
      "support": 295
    },
    "11": {
      "f1_score": 0.7524752475247525,
      "precision": 0.9620253164556962,
      "recall": 0.6178861788617886,
      "support": 123
    },
    "13": {
      "f1_score": 0.6824644549763034,
      "precision": 0.935064935064935,
      "recall": 0.5373134328358209,
      "support": 134
    },
    "14": {
      "f1_score": 0.6233766233766234,
      "precision": 1.0,
      "recall": 0.4528301886792453,
      "support": 53
    },
    "15": {
      "f1_score": 0.45226130653266333,
      "precision": 0.7105263157894737,
      "recall": 0.3316953316953317,
      "support": 407
    },
    "16": {
      "f1_score": 0.7477744807121661,
      "precision": 0.9473684210526315,
      "recall": 0.6176470588235294,
      "support": 204
    },
    "17": {
      "f1_score": 0.9106529209621993,
      "precision": 0.9498207885304659,
      "recall": 0.8745874587458746,
      "support": 303
    },
    "18": {
      "f1_score": 0.8621291448516579,
      "precision": 0.9573643410852714,
      "recall": 0.7841269841269841,
      "support": 315
    },
    "19": {
      "f1_score": 0.9227166276346604,
      "precision": 0.9656862745098039,
      "recall": 0.8834080717488789,
      "support": 223
    },
    "2": {
      "f1_score": 0.5821325648414986,
      "precision": 0.8782608695652174,
      "recall": 0.4353448275862069,
      "support": 232
    },
    "3": {
      "f1_score": 0.5379213483146067,
      "precision": 0.6614853195164075,
      "recall": 0.4532544378698225,
      "support": 845
    },
    "4": {
      "f1_score": 0.8371040723981901,
      "precision": 0.9438775510204082,
      "recall": 0.7520325203252033,
      "support": 246
    },
    "5": {
      "f1_score": 0.9662447257383966,
      "precision": 0.9828326180257511,
      "recall": 0.950207468879668,
      "support": 241
    },
    "6": {
      "f1_score": 0.8421052631578947,
      "precision": 0.9411764705882353,
      "recall": 0.7619047619047619,
      "support": 273
    },
    "7": {
      "f1_score": 0.9469026548672567,
      "precision": 0.9771689497716894,
      "recall": 0.9184549356223176,
      "support": 233
    },
    "8": {
      "f1_score": 0.5768261964735516,
      "precision": 0.6715542521994134,
      "recall": 0.5055187637969095,
      "support": 453
    },
    "9": {
      "f1_score": 0.7910863509749304,
      "precision": 0.922077922077922,
      "recall": 0.6926829268292682,
      "support": 205
    }
  },
  "label_distribution": {
    "1": {
      "true_count": 4521,
      "pred_count": 4551,
      "true_frequency": 0.7535,
      "pred_frequency": 0.7585
    },
    "10": {
      "true_count": 295,
      "pred_count": 155,
      "true_frequency": 0.049166666666666664,
      "pred_frequency": 0.025833333333333333
    },
    "11": {
      "true_count": 123,
      "pred_count": 79,
      "true_frequency": 0.0205,
      "pred_frequency": 0.013166666666666667
    },
    "13": {
      "true_count": 134,
      "pred_count": 77,
      "true_frequency": 0.022333333333333334,
      "pred_frequency": 0.012833333333333334
    },
    "14": {
      "true_count": 53,
      "pred_count": 24,
      "true_frequency": 0.008833333333333334,
      "pred_frequency": 0.004
    },
    "15": {
      "true_count": 407,
      "pred_count": 190,
      "true_frequency": 0.06783333333333333,
      "pred_frequency": 0.03166666666666667
    },
    "16": {
      "true_count": 204,
      "pred_count": 133,
      "true_frequency": 0.034,
      "pred_frequency": 0.022166666666666668
    },
    "17": {
      "true_count": 303,
      "pred_count": 279,
      "true_frequency": 0.0505,
      "pred_frequency": 0.0465
    },
    "18": {
      "true_count": 315,
      "pred_count": 258,
      "true_frequency": 0.0525,
      "pred_frequency": 0.043
    },
    "19": {
      "true_count": 223,
      "pred_count": 204,
      "true_frequency": 0.03716666666666667,
      "pred_frequency": 0.034
    },
    "2": {
      "true_count": 232,
      "pred_count": 115,
      "true_frequency": 0.03866666666666667,
      "pred_frequency": 0.019166666666666665
    },
    "3": {
      "true_count": 845,
      "pred_count": 579,
      "true_frequency": 0.14083333333333334,
      "pred_frequency": 0.0965
    },
    "4": {
      "true_count": 246,
      "pred_count": 196,
      "true_frequency": 0.041,
      "pred_frequency": 0.03266666666666666
    },
    "5": {
      "true_count": 241,
      "pred_count": 233,
      "true_frequency": 0.04016666666666667,
      "pred_frequency": 0.03883333333333333
    },
    "6": {
      "true_count": 273,
      "pred_count": 221,
      "true_frequency": 0.0455,
      "pred_frequency": 0.036833333333333336
    },
    "7": {
      "true_count": 233,
      "pred_count": 219,
      "true_frequency": 0.03883333333333333,
      "pred_frequency": 0.0365
    },
    "8": {
      "true_count": 453,
      "pred_count": 341,
      "true_frequency": 0.0755,
      "pred_frequency": 0.05683333333333333
    },
    "9": {
      "true_count": 205,
      "pred_count": 154,
      "true_frequency": 0.034166666666666665,
      "pred_frequency": 0.025666666666666667
    }
  },
  "confusion_matrices": {
    "1": {
      "true_negative": 1179,
      "false_positive": 300,
      "false_negative": 270,
      "true_positive": 4251
    },
    "10": {
      "true_negative": 5682,
      "false_positive": 23,
      "false_negative": 163,
      "true_positive": 132
    },
    "11": {
      "true_negative": 5874,
      "false_positive": 3,
      "false_negative": 47,
      "true_positive": 76
    },
    "13": {
      "true_negative": 5861,
      "false_positive": 5,
      "false_negative": 62,
      "true_positive": 72
    },
    "14": {
      "true_negative": 5947,
      "false_positive": 0,
      "false_negative": 29,
      "true_positive": 24
    },
    "15": {
      "true_negative": 5538,
      "false_positive": 55,
      "false_negative": 272,
      "true_positive": 135
    },
    "16": {
      "true_negative": 5789,
      "false_positive": 7,
      "false_negative": 78,
      "true_positive": 126
    },
    "17": {
      "true_negative": 5683,
      "false_positive": 14,
      "false_negative": 38,
      "true_positive": 265
    },
    "18": {
      "true_negative": 5674,
      "false_positive": 11,
      "false_negative": 68,
      "true_positive": 247
    },
    "19": {
      "true_negative": 5770,
      "false_positive": 7,
      "false_negative": 26,
      "true_positive": 197
    },
    "2": {
      "true_negative": 5754,
      "false_positive": 14,
      "false_negative": 131,
      "true_positive": 101
    },
    "3": {
      "true_negative": 4959,
      "false_positive": 196,
      "false_negative": 462,
      "true_positive": 383
    },
    "4": {
      "true_negative": 5743,
      "false_positive": 11,
      "false_negative": 61,
      "true_positive": 185
    },
    "5": {
      "true_negative": 5755,
      "false_positive": 4,
      "false_negative": 12,
      "true_positive": 229
    },
    "6": {
      "true_negative": 5714,
      "false_positive": 13,
      "false_negative": 65,
      "true_positive": 208
    },
    "7": {
      "true_negative": 5762,