{
  "per_target": {
    "Pastry": {
      "roc_auc": 0.8682250246848636,
      "accuracy": 0.923777315296566,
      "f1_score": 0.17464788732394365,
      "log_loss": 0.20278001224856732
    },
    "Z_Scratch": {
      "roc_auc": 0.9538016756973712,
      "accuracy": 0.9549947970863684,
      "f1_score": 0.5790754257907542,
      "log_loss": 0.10807110418458872
    },
    "K_Scatch": {
      "roc_auc": 0.985583709408463,
      "accuracy": 0.9651404786680541,
      "f1_score": 0.9016152716593245,
      "log_loss": 0.10580840148635803
    },
    "Stains": {
      "roc_auc": 0.9896073717948718,
      "accuracy": 0.9828303850156087,
      "f1_score": 0.7053571428571429,
      "log_loss": 0.04266591702569643
    },
    "Dirtiness": {
      "roc_auc": 0.8740106098305244,
      "accuracy": 0.9786680541103018,
      "f1_score": 0.21153846153846154,
      "log_loss": 0.07909982403853544
    },
    "Bumps": {
      "roc_auc": 0.8015764222069911,
      "accuracy": 0.7791363163371487,
      "f1_score": 0.4100069492703266,
      "log_loss": 0.43634619359418103
    },
    "Other_Faults": {
      "roc_auc": 0.7040457490221361,
      "accuracy": 0.6748178980228928,
      "f1_score": 0.3379237288135593,
      "log_loss": 0.5821007008305426
    }
  },
  "overall": {
    "average_roc_auc": 0.8824072232350316,
    "exact_match_accuracy": 0.40426638917793967,
    "average_f1_score": 0.47430926675050183,
    "average_log_loss": 0.22241030762978137
  }
}