{
  "overall": {
    "average_roc_auc": 0.8805642206757097,
    "average_accuracy": 0.8956562137049942,
    "average_f1_score": 0.4747889541349825,
    "average_log_loss": 0.22480745672080982
  },
  "per_target": {
    "Pastry": {
      "roc_auc": 0.8502633701105127,
      "accuracy": 0.92130081300813,
      "f1_score": 0.07633587786259542,
      "log_loss": 0.20942128096144427
    },
    "Z_Scratch": {
      "roc_auc": 0.957964395910331,
      "accuracy": 0.9580487804878048,
      "f1_score": 0.6055045871559633,
      "log_loss": 0.10659608322392822
    },
    "K_Scatch": {
      "roc_auc": 0.9823423942394239,
      "accuracy": 0.9603252032520325,
      "f1_score": 0.8886861313868614,
      "log_loss": 0.1183084652949971
    },
    "Stains": {
      "roc_auc": 0.9929125596865254,
      "accuracy": 0.985040650406504,
      "f1_score": 0.7745098039215687,
      "log_loss": 0.03717367510901278
    },
    "Dirtiness": {
      "roc_auc": 0.8757429048414023,
      "accuracy": 0.9759349593495935,
      "f1_score": 0.2127659574468085,
      "log_loss": 0.08448992466197679
    },
    "Bumps": {
      "roc_auc": 0.8071985397702645,
      "accuracy": 0.7879674796747967,
      "f1_score": 0.44839255499153974,
      "log_loss": 0.4381862263385882
    },
    "Other_Faults": {
      "roc_auc": 0.697525380171508,
      "accuracy": 0.6809756097560976,
      "f1_score": 0.3173277661795407,
      "log_loss": 0.5794765414557213
    }
  }
}