{
  "logloss": 1.6900068628771563,
  "accuracy": 0.33490566037735847,
  "f1_macro": 0.32252324450368997,
  "roc_auc_ovr": 0.7200394091612965
}