{
  "metrics": {
    "roc_auc": 0.8355002149948987,
    "accuracy": 0.9275336411469861,
    "f1_score": 0.24810250152532032,
    "precision": 0.8545729657027572,
    "recall": 0.14511662431838296,
    "log_loss": 0.21499153139631416
  },
  "statistics": {
    "total_samples": 425149,
    "true_toxic_count": 35027,
    "true_toxic_rate": 0.08238758646968475,
    "predicted_toxic_count": 5948,
    "predicted_toxic_rate": 0.013990389251768204,
    "threshold": 0.5,
    "probability_stats": {
      "min": 0.000102418463762,
      "max": 0.9999998951128564,
      "mean": 0.07514780551990413,
      "std": 0.10574136300038
    }
  }
}