{
  "accuracy": 0.42809503959983325,
  "f1_macro": 0.3466257366796127,
  "log_loss": 1.2976617229694833,
  "roc_auc_ovr": 0.7018659248598234,
  "quadratic_weighted_kappa": 0.36663419778162154
}