{
  "metrics": {
    "quadratic_weighted_kappa": 0.33449896388619493,
    "cohen_kappa": 0.19845816931565263,
    "accuracy": 0.401133711237079,
    "f1_macro": 0.34983350433990135,
    "f1_weighted": 0.38807493508549623,
    "precision_macro": 0.4304222422467962,
    "precision_weighted": 0.3959530867269724,
    "recall_macro": 0.34069100261048013,
    "recall_weighted": 0.401133711237079,
    "mae": 0.9499833277759253
  },
  "statistics": {
    "total_samples": 2999,
    "num_classes": 5,
    "class_distribution": {
      "speed_0": {
        "true_count": 82,
        "predicted_count": 18,
        "true_percentage": 2.7342447482494165,
        "predicted_percentage": 0.6002000666888962,
        "description": "Same day (0)"
      },
      "speed_1": {
        "true_count": 618,
        "predicted_count": 551,
        "true_percentage": 20.60686895631877,
        "predicted_percentage": 18.372790930310103,
        "description": "1-7 days (1)"
      },
      "speed_2": {
        "true_count": 807,
        "predicted_count": 933,
        "true_percentage": 26.908969656552184,
        "predicted_percentage": 31.11037012337446,
        "description": "8-30 days (2)"
      },
      "speed_3": {
        "true_count": 652,
        "predicted_count": 416,
        "true_percentage": 21.7405801933978,
        "predicted_percentage": 13.871290430143382,
        "description": "31-90 days (3)"
      },
      "speed_4": {
        "true_count": 840,
        "predicted_count": 1081,
        "true_percentage": 28.009336445481825,
        "predicted_percentage": 36.045348449483164,
        "description": "No adoption 100+ days (4)"
      }
    }
  }
}