{
  "overall": {
    "accuracy": 0.012224938875305624,
    "f1_score_weighted": 0.0002952883786305706,
    "log_loss": 4.775977434067121,
    "roc_auc_ovr": 0.5
  }
}